{"mean":{"confidence_interval":{"confidence_level":0.95,"lower_bound":85093021.405,"upper_bound":89557100.26},"point_estimate":87326900.95,"standard_error":1143128.6035123374},"median":{"confidence_interval":{"confidence_level":0.95,"lower_bound":76583146.0,"upper_bound":95732002.5},"point_estimate":95554810.0,"standard_error":4835907.176892091},"median_abs_dev":{"confidence_interval":{"confidence_level":0.95,"lower_bound":888284.9482297897,"upper_bound":20609029.194116592},"point_estimate":2623588.1570219994,"standard_error":5554686.095056352},"slope":null,"std_dev":{"confidence_interval":{"confidence_level":0.95,"lower_bound":10329844.246461216,"upper_bound":12376849.84765518},"point_estimate":11296938.973314224,"standard_error":527686.2544418899}}