{"mean":{"confidence_interval":{"confidence_level":0.95,"lower_bound":-0.9024851075616555,"upper_bound":-0.8948931477244552},"point_estimate":-0.8988000281443806,"standard_error":0.001927839666759495},"median":{"confidence_interval":{"confidence_level":0.95,"lower_bound":-0.9177297970899484,"upper_bound":-0.8744607082901684},"point_estimate":-0.8986267276404286,"standard_error":0.009115025863444438}}